,X,Y,CLUSTER
GLOB_1,4.7819,5.2404,1.0
GLOB_1,5.0324,5.0996,1.0
GLOB_1,5.3018,5.0932,1.0
GLOB_1,4.6483,4.537,1.0
GLOB_1,4.9403,5.4893,1.0
GLOB_1,4.7715,5.3611,1.0
GLOB_1,5.0772,5.2065,1.0
GLOB_1,4.8989,4.9833,1.0
GLOB_1,4.7145,4.7737,1.0
GLOB_1,5.2261,4.7664,1.0
GLOB_1,4.7418,5.4754,1.0
GLOB_1,4.7291,5.4109,1.0
GLOB_1,5.1099,4.5666,1.0
GLOB_1,4.5479,4.9246,1.0
GLOB_1,4.6088,5.4474,1.0
GLOB_1,5.3759,4.8234,1.0
GLOB_1,5.3736,5.0952,1.0
GLOB_1,4.9403,4.7393,1.0
GLOB_1,5.4783,4.7504,1.0
GLOB_1,4.7338,4.8818,1.0
GLOB_1,5.4566,4.7802,1.0
GLOB_1,5.3727,5.0574,1.0
GLOB_1,5.2331,4.6916,1.0
GLOB_1,5.2661,5.0141,1.0
GLOB_1,4.92,5.2122,1.0
GLOB_1,5.0552,5.4664,1.0
GLOB_1,4.6807,5.1879,1.0
GLOB_1,4.6637,5.023,1.0
GLOB_1,5.0114,5.0097,1.0
GLOB_1,5.2705,4.7304,1.0
GLOB_1,4.8464,4.8625,1.0
GLOB_1,5.4972,5.1848,1.0
GLOB_1,5.0162,5.2636,1.0
GLOB_1,4.5346,5.1374,1.0
GLOB_1,5.0967,4.7299,1.0
GLOB_1,4.7808,5.4159,1.0
GLOB_1,5.0592,5.4374,1.0
GLOB_1,4.624,4.6635,1.0
GLOB_1,4.8069,4.6379,1.0
GLOB_1,5.4716,4.6659,1.0
GLOB_1,4.9301,5.4166,1.0
GLOB_1,4.9515,4.7672,1.0
GLOB_1,4.6947,4.5666,1.0
GLOB_1,5.2659,5.4572,1.0
GLOB_1,5.3553,5.3991,1.0
GLOB_1,4.6515,5.1451,1.0
GLOB_1,5.1808,4.8269,1.0
GLOB_1,4.6677,4.8112,1.0
GLOB_1,5.385,5.3402,1.0
GLOB_1,4.6232,4.5009,1.0
GLOB_1,5.1865,4.7589999999999995,1.0
GLOB_1,5.2241,4.5116,1.0
GLOB_1,5.2381,5.1802,1.0
GLOB_1,5.4489,4.9787,1.0
GLOB_1,5.4488,5.2813,1.0
GLOB_1,5.246,5.3664,1.0
GLOB_1,4.8142,5.1419,1.0
GLOB_1,4.9727,4.8811,1.0
GLOB_1,4.8151,5.0394,1.0
GLOB_1,4.716,4.89,1.0
GLOB_1,5.1087,5.4823,1.0
GLOB_1,4.7674,4.9736,1.0
GLOB_1,4.8443,4.9143,1.0
GLOB_1,5.2516,5.3241,1.0
GLOB_1,4.7765,5.4285,1.0
GLOB_1,5.3255,5.2195,1.0
GLOB_1,5.2262,5.1863,1.0
GLOB_1,5.3301,5.0406,1.0
GLOB_1,5.3895,5.4016,1.0
GLOB_1,4.5496,4.9362,1.0
GLOB_1,4.6302,5.1311,1.0
GLOB_1,4.9752,4.8271,1.0
GLOB_1,4.9941,4.9701,1.0
GLOB_1,4.6703,4.9045,1.0
GLOB_1,5.4681,5.4383,1.0
GLOB_1,5.1972,5.46,1.0
GLOB_1,4.9462,5.3667,1.0
GLOB_1,5.1389,5.0213,1.0
GLOB_1,5.2752,4.6147,1.0
GLOB_1,4.8833,5.4506,1.0
GLOB_1,5.4672,4.6514,1.0
GLOB_1,5.1404,4.7597,1.0
GLOB_1,5.4725,4.8176,1.0
GLOB_1,4.8688,5.3916,1.0
GLOB_1,4.5958,5.1782,1.0
GLOB_1,4.6916,4.8217,1.0
GLOB_1,5.4243,5.1554,1.0
GLOB_1,4.7858,4.9827,1.0
GLOB_1,5.0794,4.9302,1.0
GLOB_1,4.7809,5.1875,1.0
GLOB_1,4.9444,5.2991,1.0
GLOB_1,5.0675,5.444,1.0
GLOB_1,4.5494,5.2678,1.0
GLOB_1,5.3713,5.0045,1.0
GLOB_1,4.5174,5.0702,1.0
GLOB_1,5.4845,4.5237,1.0
GLOB_1,5.4965,5.4122,1.0
GLOB_1,4.7381,4.9637,1.0
GLOB_1,4.9914,4.9429,1.0
GLOB_1,4.7198,5.2835,1.0
GLOB_1,4.9799,4.5022,1.0
GLOB_1,5.0858,4.7379,1.0
GLOB_1,4.9892,4.5618,1.0
GLOB_1,5.1213,4.9257,1.0
GLOB_1,5.3409,5.2505,1.0
GLOB_1,5.0758,4.6543,1.0
GLOB_1,4.6121,5.2279,1.0
GLOB_1,5.329,5.1356,1.0
GLOB_1,5.4807,4.5733,1.0
GLOB_1,4.5623,4.9955,1.0
GLOB_1,4.6188,5.1547,1.0
GLOB_1,5.4255,4.5799,1.0
GLOB_1,4.7569,5.3209,1.0
GLOB_1,5.4109,4.9224,1.0
GLOB_1,4.8779,5.0352,1.0
GLOB_1,5.1791,5.337999999999999,1.0
GLOB_1,5.3405,4.715,1.0
GLOB_1,5.3747,4.6354,1.0
GLOB_1,5.4987,4.5209,1.0
GLOB_1,4.6347,5.3214,1.0
GLOB_1,4.7881,4.9405,1.0
GLOB_1,5.3357,5.2489,1.0
GLOB_1,4.9321,4.7275,1.0
GLOB_1,4.606,4.9961,1.0
GLOB_1,5.4062,4.6449,1.0
GLOB_1,5.1252,5.431,1.0
GLOB_1,4.5256,5.1462,1.0
GLOB_1,5.0024,4.587,1.0
GLOB_1,5.1838,4.71,1.0
GLOB_1,4.5215,5.3967,1.0
GLOB_1,5.2726,5.2793,1.0
GLOB_1,4.5056,4.915,1.0
GLOB_1,4.8221,5.2249,1.0
GLOB_1,5.2316,5.4910000000000005,1.0
GLOB_1,4.5014,4.6004,1.0
GLOB_1,4.9453,4.8004,1.0
GLOB_1,5.0223,5.4201,1.0
GLOB_1,4.7892,5.0081,1.0
GLOB_1,4.9231,4.515,1.0
GLOB_1,5.372000000000001,5.2347,1.0
GLOB_1,5.3716,5.4951,1.0
GLOB_1,5.4307,5.3752,1.0
GLOB_1,5.0695,5.1925,1.0
GLOB_1,4.7791,5.0789,1.0
GLOB_1,5.3248,5.0109,1.0
GLOB_1,4.7983,4.5492,1.0
GLOB_1,5.1208,4.8338,1.0
GLOB_1,5.0369,5.1535,1.0
GLOB_1,4.9705,5.4685,1.0
GLOB_1,4.6313,4.8864,1.0
GLOB_1,4.8296,5.4933,1.0
GLOB_1,5.4965,4.8277,1.0
GLOB_1,4.9552,5.4416,1.0
GLOB_1,5.0579,4.9777,1.0
GLOB_1,5.41,4.6685,1.0
GLOB_1,4.9192,5.1614,1.0
GLOB_1,5.1816,5.2643,1.0
GLOB_1,4.75,5.4581,1.0
GLOB_1,4.5231,4.7009,1.0
GLOB_1,5.3984,5.3114,1.0
GLOB_1,5.0397,5.2628,1.0
GLOB_1,5.4635,4.8743,1.0
GLOB_1,4.6512,5.4943,1.0
GLOB_1,5.1954,4.8339,1.0
GLOB_1,4.7141,4.5128,1.0
GLOB_1,5.276,5.3593,1.0
GLOB_1,5.3445,4.645,1.0
GLOB_1,4.7989999999999995,4.6927,1.0
GLOB_1,4.7517,5.2179,1.0
GLOB_1,5.4629,5.1221,1.0
GLOB_1,4.7507,5.1465,1.0
GLOB_1,5.1515,4.612,1.0
GLOB_1,4.9444,5.4232,1.0
GLOB_1,5.1113,5.3961,1.0
GLOB_1,5.4159,5.3834,1.0
GLOB_1,4.7461,4.5518,1.0
GLOB_1,5.4274,4.7273,1.0
GLOB_1,4.7224,4.6178,1.0
GLOB_1,5.4816,5.4416,1.0
GLOB_1,4.7864,4.5455,1.0
GLOB_1,5.1531,5.1732,1.0
GLOB_1,4.8738,4.6508,1.0
GLOB_1,4.5344,4.7043,1.0
GLOB_1,4.8365,4.7384,1.0
GLOB_1,4.9794,4.7892,1.0
GLOB_1,4.9418,5.2817,1.0
GLOB_1,4.5034,5.2287,1.0
GLOB_1,5.215,4.7172,1.0
GLOB_1,5.0181,5.0166,1.0
GLOB_1,5.3339,5.2202,1.0
GLOB_1,5.1395,4.6534,1.0
GLOB_1,4.5618,4.8922,1.0
GLOB_1,4.7244,5.2629,1.0
GLOB_1,4.5592,5.2022,1.0
GLOB_1,4.5293,4.5608,1.0
GLOB_1,5.0568,4.7695,1.0
GLOB_1,4.9164,4.6358,1.0
GLOB_1,4.8898,4.7581,1.0
GLOB_1,5.3322,5.2467,1.0
GLOB_1,5.2729,4.6175,1.0
GLOB_2,-4.5572,4.8208,1.0
GLOB_2,-4.6175,5.0859,1.0
GLOB_2,-5.3112,5.0704,1.0
GLOB_2,-5.426,4.531000000000001,1.0
GLOB_2,-4.5324,4.9494,1.0
GLOB_2,-4.6826,5.0074,1.0
GLOB_2,-4.5241,4.7857,1.0
GLOB_2,-4.8198,5.3055,1.0
GLOB_2,-5.3211,5.2481,1.0
GLOB_2,-5.3027,5.2319,1.0
GLOB_2,-4.7449,5.3005,1.0
GLOB_2,-4.7787,5.3368,1.0
GLOB_2,-5.3375,4.8196,1.0
GLOB_2,-4.916,5.2548,1.0
GLOB_2,-5.1621,5.0521,1.0
GLOB_2,-4.8786,4.6079,1.0
GLOB_2,-4.6828,4.6176,1.0
GLOB_2,-5.4104,4.6338,1.0
GLOB_2,-5.4275,5.1684,1.0
GLOB_2,-5.0329,4.5879,1.0
GLOB_2,-4.6205,4.9731,1.0
GLOB_2,-4.9378,4.5017,1.0
GLOB_2,-4.7546,5.4749,1.0
GLOB_2,-4.7182,4.7397,1.0
GLOB_2,-4.9709,5.4097,1.0
GLOB_2,-5.3644,5.0549,1.0
GLOB_2,-4.7311,4.8045,1.0
GLOB_2,-4.8947,5.335,1.0
GLOB_2,-4.6536,4.5619,1.0
GLOB_2,-4.5514,5.4545,1.0
GLOB_2,-4.6601,5.3645,1.0
GLOB_2,-4.7780000000000005,5.0015,1.0
GLOB_2,-5.1105,5.4873,1.0
GLOB_2,-4.7202,4.7281,1.0
GLOB_2,-4.712,4.8954,1.0
GLOB_2,-4.8035,4.6854,1.0
GLOB_2,-5.4786,4.746,1.0
GLOB_2,-4.9565,5.1483,1.0
GLOB_2,-5.1665,4.8279,1.0
GLOB_2,-4.9316,4.7672,1.0
GLOB_2,-5.3788,5.1248,1.0
GLOB_2,-5.0569,5.3351,1.0
GLOB_2,-4.6515,4.6059,1.0
GLOB_2,-4.6063,4.6345,1.0
GLOB_2,-4.675,5.3722,1.0
GLOB_2,-4.6621,5.2525,1.0
GLOB_2,-5.2379,4.61,1.0
GLOB_2,-4.748,4.7307,1.0
GLOB_2,-5.3493,4.6813,1.0
GLOB_2,-5.2774,4.9036,1.0
GLOB_2,-5.1770000000000005,5.2268,1.0
GLOB_2,-5.0997,5.0806,1.0
GLOB_2,-5.3873,5.0336,1.0
GLOB_2,-4.6601,5.0404,1.0
GLOB_2,-4.7094,5.3016,1.0
GLOB_2,-5.492999999999999,5.4149,1.0
GLOB_2,-5.3162,5.4707,1.0
GLOB_2,-4.9443,5.1614,1.0
GLOB_2,-5.3563,5.2831,1.0
GLOB_2,-5.2564,4.5345,1.0
GLOB_2,-4.9581,4.6161,1.0
GLOB_2,-5.2093,5.3928,1.0
GLOB_2,-4.5224,5.4282,1.0
GLOB_2,-4.558,5.1614,1.0
GLOB_2,-4.9177,5.1908,1.0
GLOB_2,-4.5429,5.0041,1.0
GLOB_2,-5.216,5.2615,1.0
GLOB_2,-4.959,4.9761,1.0
GLOB_2,-5.3768,4.9978,1.0
GLOB_2,-4.6998,4.5614,1.0
GLOB_2,-5.0692,5.0143,1.0
GLOB_2,-5.3136,4.9241,1.0
GLOB_2,-4.8752,4.5245,1.0
GLOB_2,-5.3959,4.6036,1.0
GLOB_2,-5.2229,4.7672,1.0
GLOB_2,-4.579,5.3797,1.0
GLOB_2,-5.2924,5.1719,1.0
GLOB_2,-5.3834,5.3569,1.0
GLOB_2,-5.225,4.7362,1.0
GLOB_2,-4.8205,4.7733,1.0
GLOB_2,-5.3185,5.1885,1.0
GLOB_2,-5.3356,4.7837,1.0
GLOB_2,-4.8822,5.211,1.0
GLOB_2,-4.5864,4.8433,1.0
GLOB_2,-5.3401,5.1384,1.0
GLOB_2,-4.5149,4.5257,1.0
GLOB_2,-4.9435,5.4751,1.0
GLOB_2,-5.1788,5.2161,1.0
GLOB_2,-5.1541,5.0482,1.0
GLOB_2,-5.3657,4.9292,1.0
GLOB_2,-5.4073,4.9139,1.0
GLOB_2,-5.2604,4.6455,1.0
GLOB_2,-4.9143,4.7818,1.0
GLOB_2,-4.8784,5.2092,1.0
GLOB_2,-5.2622,5.3447,1.0
GLOB_2,-5.1463,5.0351,1.0
GLOB_2,-4.9964,4.5611,1.0
GLOB_2,-4.7799,5.277,1.0
GLOB_2,-4.9054,4.9727,1.0
GLOB_2,-5.067,5.1862,1.0
GLOB_2,-4.6539,5.2923,1.0
GLOB_2,-4.959,5.442,1.0
GLOB_2,-4.5691,5.3853,1.0
GLOB_2,-5.4557,5.0247,1.0
GLOB_2,-4.8094,4.5698,1.0
GLOB_2,-5.251,4.8063,1.0
GLOB_2,-4.9716,5.3088,1.0
GLOB_2,-4.7334,4.9177,1.0
GLOB_2,-5.0728,5.3637,1.0
GLOB_2,-4.8296,5.3724,1.0
GLOB_2,-5.2089,4.5489999999999995,1.0
GLOB_2,-4.6038,4.621,1.0
GLOB_2,-5.0467,4.8856,1.0
GLOB_2,-4.8252,5.018,1.0
GLOB_2,-5.1115,4.5272,1.0
GLOB_2,-5.0897,4.8756,1.0
GLOB_2,-5.4666,5.1979,1.0
GLOB_2,-4.541,4.5194,1.0
GLOB_2,-5.1125,5.1944,1.0
GLOB_2,-5.3183,5.1872,1.0
GLOB_2,-4.5121,4.935,1.0
GLOB_2,-4.8775,4.5791,1.0
GLOB_2,-5.4670000000000005,4.6177,1.0
GLOB_2,-4.7406,5.2564,1.0
GLOB_2,-4.8461,4.7994,1.0
GLOB_2,-5.2382,5.3523,1.0
GLOB_2,-4.8447,4.8826,1.0
GLOB_2,-5.4836,5.3777,1.0
GLOB_2,-4.9256,5.4647,1.0
GLOB_2,-4.965,4.7755,1.0
GLOB_2,-5.3361,5.2153,1.0
GLOB_2,-5.0706,4.7753,1.0
GLOB_2,-4.5079,5.2806,1.0
GLOB_2,-4.9319,4.9234,1.0
GLOB_2,-5.1197,4.8547,1.0
GLOB_2,-4.9691,5.301,1.0
GLOB_2,-4.8226,4.6477,1.0
GLOB_2,-4.5388,4.7149,1.0
GLOB_2,-5.0317,4.8776,1.0
GLOB_2,-4.6099,4.9268,1.0
GLOB_2,-5.2018,5.0822,1.0
GLOB_2,-4.5281,5.2306,1.0
GLOB_2,-4.6955,4.7164,1.0
GLOB_2,-5.4582,5.0729,1.0
GLOB_2,-5.3229999999999995,4.5575,1.0
GLOB_2,-5.3147,4.8009,1.0
GLOB_2,-5.4092,5.0346,1.0
GLOB_2,-5.3907,5.2456,1.0
GLOB_2,-4.7235,4.5002,1.0
GLOB_2,-5.4307,5.0906,1.0
GLOB_2,-4.832,4.9668,1.0
GLOB_2,-5.0182,5.4273,1.0
GLOB_2,-4.8345,4.768,1.0
GLOB_2,-5.4424,5.412000000000001,1.0
GLOB_2,-4.6407,5.3225,1.0
GLOB_2,-5.3998,5.2794,1.0
GLOB_2,-5.0004,4.7301,1.0
GLOB_2,-5.1434,5.4659,1.0
GLOB_2,-4.8472,4.9243,1.0
GLOB_2,-4.5294,4.5158,1.0
GLOB_2,-4.8493,5.3337,1.0
GLOB_2,-5.0444,4.5708,1.0
GLOB_2,-4.9510000000000005,4.8512,1.0
GLOB_2,-5.0427,4.6982,1.0
GLOB_2,-4.9351,4.8814,1.0
GLOB_2,-4.7261,4.9947,1.0
GLOB_2,-4.5133,5.0617,1.0
GLOB_2,-5.4376,5.1258,1.0
GLOB_2,-5.4496,5.048,1.0
GLOB_2,-5.0267,4.5725,1.0
GLOB_2,-5.1702,5.3420000000000005,1.0
GLOB_2,-4.5898,5.436,1.0
GLOB_2,-5.1119,4.5015,1.0
GLOB_2,-5.205,4.5423,1.0
GLOB_2,-4.7482,5.2447,1.0
GLOB_2,-5.1177,5.0063,1.0
GLOB_2,-5.1568,5.3815,1.0
GLOB_2,-5.3295,5.1081,1.0
GLOB_2,-5.0637,4.6575,1.0
GLOB_2,-5.4495,5.4084,1.0
GLOB_2,-4.724,4.8162,1.0
GLOB_2,-5.2045,5.2082,1.0
GLOB_2,-4.5742,5.3172,1.0
GLOB_2,-4.788,5.4079999999999995,1.0
GLOB_2,-5.3561,5.0814,1.0
GLOB_2,-4.5854,4.9992,1.0
GLOB_2,-4.8875,5.1073,1.0
GLOB_2,-4.9316,5.1038,1.0
GLOB_2,-5.0801,4.9217,1.0
GLOB_2,-4.5644,5.3563,1.0
GLOB_2,-4.5257,5.2208,1.0
GLOB_2,-4.7624,4.9996,1.0
GLOB_2,-4.6119,4.6543,1.0
GLOB_2,-4.9283,5.4756,1.0
GLOB_2,-4.6425,5.0689,1.0
GLOB_2,-4.718,5.3387,1.0
GLOB_2,-4.5019,5.0812,1.0
GLOB_2,-4.7677,4.632,1.0
GLOB_2,-5.3344,4.7265,1.0
GLOB_2,-4.6629,4.8391,1.0
GLOB_3,-5.2657,-5.4052,2.0
GLOB_3,-5.2666,-4.94,2.0
GLOB_3,-5.1078,-5.0916,2.0
GLOB_3,-4.6113,-4.7592,2.0
GLOB_3,-4.645,-4.9435,2.0
GLOB_3,-5.2726,-4.5001,2.0
GLOB_3,-4.5078,-5.19,2.0
GLOB_3,-4.9149,-5.195,2.0
GLOB_3,-4.9896,-5.1205,2.0
GLOB_3,-4.8712,-4.6182,2.0
GLOB_3,-5.4373,-4.9452,2.0
GLOB_3,-4.649,-4.8034,2.0
GLOB_3,-4.64,-5.2421,2.0
GLOB_3,-4.6785,-4.5199,2.0
GLOB_3,-4.6245,-4.8391,2.0
GLOB_3,-4.6551,-4.729,2.0
GLOB_3,-5.1299,-4.7623,2.0
GLOB_3,-5.052,-4.6205,2.0
GLOB_3,-5.2248,-4.7949,2.0
GLOB_3,-5.1572,-5.4937,2.0
GLOB_3,-5.1027,-4.5261,2.0
GLOB_3,-5.4223,-5.2013,2.0
GLOB_3,-4.6618,-4.6099,2.0
GLOB_3,-4.6929,-5.3177,2.0
GLOB_3,-5.0122,-4.9732,2.0
GLOB_3,-5.1365,-4.5876,2.0
GLOB_3,-4.7034,-5.4607,2.0
GLOB_3,-5.3914,-4.5339,2.0
GLOB_3,-4.628,-4.9972,2.0
GLOB_3,-5.136,-5.3297,2.0
GLOB_3,-5.2755,-5.0375,2.0
GLOB_3,-4.5224,-4.8256,2.0
GLOB_3,-4.6002,-5.4728,2.0
GLOB_3,-4.7914,-4.7317,2.0
GLOB_3,-4.666,-5.3879,2.0
GLOB_3,-5.4331,-4.9515,2.0
GLOB_3,-4.9124,-5.2395,2.0
GLOB_3,-5.1294,-4.5646,2.0
GLOB_3,-4.5791,-4.5251,2.0
GLOB_3,-5.3848,-4.5815,2.0
GLOB_3,-5.2643,-5.0602,2.0
GLOB_3,-5.1281,-5.308,2.0
GLOB_3,-4.6322,-4.9853,2.0
GLOB_3,-5.2394,-5.2205,2.0
GLOB_3,-4.6688,-4.5103,2.0
GLOB_3,-4.5079,-4.8288,2.0
GLOB_3,-4.9604,-4.6231,2.0
GLOB_3,-5.4292,-4.9898,2.0
GLOB_3,-5.4701,-5.1364,2.0
GLOB_3,-5.0339,-4.6343,2.0
GLOB_3,-5.2189,-4.8043,2.0
GLOB_3,-5.3329,-5.0064,2.0
GLOB_3,-5.4162,-4.9425,2.0
GLOB_3,-4.5065,-5.2078,2.0
GLOB_3,-4.6671,-4.6182,2.0
GLOB_3,-5.3367,-5.3577,2.0
GLOB_3,-5.4014,-5.2846,2.0
GLOB_3,-5.0356,-4.6366,2.0
GLOB_3,-4.8399,-4.9855,2.0
GLOB_3,-4.836,-5.4924,2.0
GLOB_3,-4.861000000000001,-5.4327,2.0
GLOB_3,-4.7543,-4.8676,2.0
GLOB_3,-4.7862,-4.9182,2.0
GLOB_3,-4.8816,-4.6049,2.0
GLOB_3,-4.9195,-4.5088,2.0
GLOB_3,-5.1756,-5.3839,2.0
GLOB_3,-5.3927,-5.0056,2.0
GLOB_3,-5.301,-5.2538,2.0
GLOB_3,-4.5425,-5.3706,2.0
GLOB_3,-5.4712,-4.7766,2.0
GLOB_3,-5.0133,-5.0556,2.0
GLOB_3,-5.431,-4.8134,2.0
GLOB_3,-5.2039,-5.4968,2.0
GLOB_3,-4.7402,-5.3321,2.0
GLOB_3,-5.2010000000000005,-5.402,2.0
GLOB_3,-4.8485,-5.3855,2.0
GLOB_3,-4.5582,-4.531000000000001,2.0
GLOB_3,-4.6026,-4.6479,2.0
GLOB_3,-5.0917,-5.2045,2.0
GLOB_3,-4.5928,-5.1034,2.0
GLOB_3,-4.8223,-5.1671,2.0
GLOB_3,-5.3192,-4.7595,2.0
GLOB_3,-4.7871,-4.7322,2.0
GLOB_3,-4.5765,-5.3117,2.0
GLOB_3,-5.4122,-5.0077,2.0
GLOB_3,-5.2438,-5.4277,2.0
GLOB_3,-4.7384,-5.3125,2.0
GLOB_3,-4.723,-5.3515,2.0
GLOB_3,-4.9615,-4.8525,2.0
GLOB_3,-5.1779,-4.8941,2.0
GLOB_3,-5.1435,-4.6336,2.0
GLOB_3,-5.4849,-5.3364,2.0
GLOB_3,-4.6046,-4.6782,2.0
GLOB_3,-5.3131,-5.0442,2.0
GLOB_3,-4.7493,-4.5106,2.0
GLOB_3,-5.3421,-5.12,2.0
GLOB_3,-4.7532,-5.3143,2.0
GLOB_3,-5.0905,-4.8668,2.0
GLOB_3,-5.3665,-5.0594,2.0
GLOB_3,-5.1772,-5.4879999999999995,2.0
GLOB_3,-4.9434,-5.0468,2.0
GLOB_3,-5.3469,-5.2849,2.0
GLOB_3,-5.3129,-5.1967,2.0
GLOB_3,-4.7733,-4.7554,2.0
GLOB_3,-5.4516,-4.8725,2.0
GLOB_3,-4.8085,-4.6231,2.0
GLOB_3,-5.2075,-5.0784,2.0
GLOB_3,-5.1065,-5.367000000000001,2.0
GLOB_3,-4.6977,-4.95,2.0
GLOB_3,-4.5323,-5.2112,2.0
GLOB_3,-4.5324,-5.3996,2.0
GLOB_3,-4.9005,-4.7595,2.0
GLOB_3,-5.3596,-4.8285,2.0
GLOB_3,-4.9081,-5.0053,2.0
GLOB_3,-5.0165,-4.7062,2.0
GLOB_3,-4.9696,-4.9371,2.0
GLOB_3,-4.8766,-4.78,2.0
GLOB_3,-4.7243,-4.7898,2.0
GLOB_3,-5.4572,-4.7171,2.0
GLOB_3,-4.6544,-4.8975,2.0
GLOB_3,-5.0573,-5.4285,2.0
GLOB_3,-5.0518,-4.5089,2.0
GLOB_3,-5.0589,-4.7845,2.0
GLOB_3,-5.1971,-4.831,2.0
GLOB_3,-5.2964,-5.4029,2.0
GLOB_3,-5.1748,-4.7463,2.0
GLOB_3,-4.6678,-5.457000000000001,2.0
GLOB_3,-5.2767,-4.7314,2.0
GLOB_3,-4.7596,-5.4866,2.0
GLOB_3,-5.4369,-4.6973,2.0
GLOB_3,-5.0455,-4.7669999999999995,2.0
GLOB_3,-4.7879,-4.7924,2.0
GLOB_3,-4.9496,-5.1859,2.0
GLOB_3,-4.8217,-4.5183,2.0
GLOB_3,-4.5983,-4.8816,2.0
GLOB_3,-4.7452,-4.843,2.0
GLOB_3,-4.8637,-5.3649,2.0
GLOB_3,-4.8232,-4.9205,2.0
GLOB_3,-5.0479,-4.7035,2.0
GLOB_3,-5.4845,-4.8938,2.0
GLOB_3,-5.4825,-5.3125,2.0
GLOB_3,-5.0806,-5.3777,2.0
GLOB_3,-4.6016,-5.1058,2.0
GLOB_3,-5.2053,-4.5111,2.0
GLOB_3,-4.5593,-4.8629,2.0
GLOB_3,-4.5192,-5.1975,2.0
GLOB_3,-5.0059,-5.0262,2.0
GLOB_3,-5.3615,-5.0968,2.0
GLOB_3,-5.3693,-5.1448,2.0
GLOB_3,-5.3641,-5.4543,2.0
GLOB_3,-4.8668,-5.0581,2.0
GLOB_3,-5.3873,-4.5074,2.0
GLOB_3,-4.8943,-4.7882,2.0
GLOB_3,-5.3198,-5.2788,2.0
GLOB_3,-4.6667,-5.2243,2.0
GLOB_3,-5.39,-4.9758,2.0
GLOB_3,-4.8105,-5.3851,2.0
GLOB_3,-4.87,-5.4674,2.0
GLOB_3,-4.7511,-4.6467,2.0
GLOB_3,-4.9037,-5.0964,2.0
GLOB_3,-5.3907,-5.0723,2.0
GLOB_3,-5.0909,-4.6244,2.0
GLOB_3,-4.6765,-4.9044,2.0
GLOB_3,-4.6475,-4.5578,2.0
GLOB_3,-4.8731,-4.9234,2.0
GLOB_3,-4.9969,-5.0382,2.0
GLOB_3,-4.7755,-5.4077,2.0
GLOB_3,-4.8782,-5.1078,2.0
GLOB_3,-5.2846,-4.7616,2.0
GLOB_3,-4.9397,-5.0076,2.0
GLOB_3,-5.4944,-4.7157,2.0
GLOB_3,-5.0195,-4.7259,2.0
GLOB_3,-5.0315,-5.0355,2.0
GLOB_3,-4.6406,-5.2299,2.0
GLOB_3,-4.7106,-4.6911,2.0
GLOB_3,-5.3261,-4.5193,2.0
GLOB_3,-5.0082,-4.8839,2.0
GLOB_3,-4.9832,-4.6894,2.0
GLOB_3,-4.9872,-5.2925,2.0
GLOB_3,-4.582,-5.4794,2.0
GLOB_3,-4.6266,-5.0707,2.0
GLOB_3,-5.2193,-4.7772,2.0
GLOB_3,-4.6632,-5.3869,2.0
GLOB_3,-4.8771,-5.0624,2.0
GLOB_3,-5.4175,-5.2556,2.0
GLOB_3,-5.0028,-5.0135,2.0
GLOB_3,-4.9741,-4.5357,2.0
GLOB_3,-5.2457,-5.3335,2.0
GLOB_3,-5.1837,-5.4852,2.0
GLOB_3,-4.7869,-5.2902,2.0
GLOB_3,-5.2012,-5.1935,2.0
GLOB_3,-4.5208,-5.3828,2.0
GLOB_3,-4.5331,-4.5759,2.0
GLOB_3,-5.2352,-5.196000000000001,2.0
GLOB_3,-4.8218,-4.9625,2.0
GLOB_3,-5.1394,-5.1632,2.0
GLOB_3,-4.9647,-4.5744,2.0
GLOB_3,-4.9996,-5.354,2.0
GLOB_3,-5.2053,-4.5898,2.0
GLOB_3,-5.4338,-4.8053,2.0
GLOB_4,4.9345,-5.0868,0.0
GLOB_4,4.8759,-4.5424,0.0
GLOB_4,5.1705,-4.6407,0.0
GLOB_4,5.4977,-5.3545,0.0
GLOB_4,5.2203,-5.1671,0.0
GLOB_4,4.6931,-4.5444,0.0
GLOB_4,5.2435,-5.433,0.0
GLOB_4,5.2105,-5.0259,0.0
GLOB_4,4.9671,-5.101,0.0
GLOB_4,4.7149,-5.3518,0.0
GLOB_4,5.1053,-4.9313,0.0
GLOB_4,5.212999999999999,-4.8623,0.0
GLOB_4,4.5294,-4.5827,0.0
GLOB_4,5.1572,-5.144,0.0
GLOB_4,4.7577,-4.6391,0.0
GLOB_4,4.6445,-4.9808,0.0
GLOB_4,4.6817,-4.7249,0.0
GLOB_4,4.5757,-5.3048,0.0
GLOB_4,4.7998,-4.5483,0.0
GLOB_4,5.351,-5.4076,0.0
GLOB_4,5.2124,-5.3031,0.0
GLOB_4,5.2899,-5.3737,0.0
GLOB_4,5.093999999999999,-4.7934,0.0
GLOB_4,5.0543,-4.7569,0.0
GLOB_4,4.9093,-4.6726,0.0
GLOB_4,5.4145,-4.8157,0.0
GLOB_4,4.7756,-5.2,0.0
GLOB_4,5.0715,-5.1023,0.0
GLOB_4,4.8851,-4.9554,0.0
GLOB_4,4.9623,-5.4873,0.0
GLOB_4,4.7065,-4.5655,0.0
GLOB_4,4.5925,-4.8842,0.0
GLOB_4,5.3066,-5.2136,0.0
GLOB_4,5.1088,-4.8919999999999995,0.0
GLOB_4,4.5337,-5.0514,0.0
GLOB_4,4.6272,-4.7723,0.0
GLOB_4,5.1355,-4.8062,0.0
GLOB_4,5.2006,-4.6476,0.0
GLOB_4,4.8865,-4.7428,0.0
GLOB_4,5.0443,-4.9945,0.0
GLOB_4,4.7209,-5.2679,0.0
GLOB_4,4.9193,-4.8835,0.0
GLOB_4,5.1939,-5.2848,0.0
GLOB_4,5.3181,-5.1535,0.0
GLOB_4,4.6021,-4.79,0.0
GLOB_4,4.9585,-4.8716,0.0
GLOB_4,5.225,-4.8458,0.0
GLOB_4,4.7066,-4.8828,0.0
GLOB_4,4.6537,-5.313,0.0
GLOB_4,4.6286,-5.0283,0.0
GLOB_4,4.587,-5.2886,0.0
GLOB_4,5.4651,-5.2132,0.0
GLOB_4,4.7098,-5.1266,0.0
GLOB_4,5.3044,-5.0145,0.0
GLOB_4,4.8499,-5.0394,0.0
GLOB_4,5.0029,-5.3420000000000005,0.0
GLOB_4,5.2216,-5.235,0.0
GLOB_4,4.7481,-5.4987,0.0
GLOB_4,4.7959,-4.7932,0.0
GLOB_4,4.7029,-4.9271,0.0
GLOB_4,4.5098,-5.4323,0.0
GLOB_4,4.5992,-5.1151,0.0
GLOB_4,4.813,-5.2403,0.0
GLOB_4,4.9268,-5.2816,0.0
GLOB_4,4.7262,-4.8584,0.0
GLOB_4,5.1924,-4.6554,0.0
GLOB_4,5.3367,-5.2737,0.0
GLOB_4,5.0832,-4.9754,0.0
GLOB_4,4.9311,-4.7463,0.0
GLOB_4,4.7731,-4.5524,0.0
GLOB_4,4.8379,-5.3634,0.0
GLOB_4,5.3641,-4.9023,0.0
GLOB_4,4.7983,-4.9164,0.0
GLOB_4,5.2784,-4.7953,0.0
GLOB_4,4.6437,-4.7961,0.0
GLOB_4,5.4991,-5.4623,0.0
GLOB_4,4.8891,-5.0976,0.0
GLOB_4,4.9803,-5.4163,0.0
GLOB_4,5.4865,-5.1752,0.0
GLOB_4,4.8484,-4.9321,0.0
GLOB_4,5.2485,-5.0517,0.0
GLOB_4,5.0767,-5.2435,0.0
GLOB_4,4.9446,-5.1161,0.0
GLOB_4,4.7342,-5.3078,0.0
GLOB_4,5.4229,-5.1536,0.0
GLOB_4,5.3142,-4.7394,0.0
GLOB_4,5.3862,-4.8886,0.0
GLOB_4,4.6438,-5.3424,0.0
GLOB_4,5.2152,-5.4158,0.0
GLOB_4,5.2311,-5.2505,0.0
GLOB_4,5.4568,-5.2029,0.0
GLOB_4,4.5325,-5.2948,0.0
GLOB_4,4.7614,-4.7616,0.0
GLOB_4,5.4958,-4.5169,0.0
GLOB_4,5.0697,-5.3424,0.0
GLOB_4,5.1353,-4.7686,0.0
GLOB_4,4.6722,-5.3053,0.0
GLOB_4,4.9389,-5.024,0.0
GLOB_4,5.3096,-5.1292,0.0
GLOB_4,5.233,-5.305,0.0
GLOB_4,5.2184,-4.8824,0.0
GLOB_4,4.6514,-4.6133,0.0
GLOB_4,4.5938,-5.2505,0.0
GLOB_4,5.0112,-5.0048,0.0
GLOB_4,5.0396,-5.0445,0.0
GLOB_4,5.1273,-5.084,0.0
GLOB_4,4.6129,-4.8379,0.0
GLOB_4,5.246,-5.3702,0.0
GLOB_4,5.0532,-4.7599,0.0
GLOB_4,5.0733,-4.7289,0.0
GLOB_4,4.6198,-4.6511,0.0
GLOB_4,5.4898,-5.4747,0.0
GLOB_4,4.7054,-4.915,0.0
GLOB_4,4.7142,-4.8059,0.0
GLOB_4,4.5467,-4.6504,0.0
GLOB_4,5.0974,-5.3861,0.0
GLOB_4,5.1762,-4.8342,0.0
GLOB_4,5.0961,-5.3494,0.0
GLOB_4,4.9638,-4.6324,0.0
GLOB_4,4.6736,-5.252000000000001,0.0
GLOB_4,5.3506,-5.1981,0.0
GLOB_4,5.263999999999999,-4.6327,0.0
GLOB_4,4.9582,-4.8848,0.0
GLOB_4,5.0176,-4.9316,0.0
GLOB_4,5.0406,-4.5911,0.0
GLOB_4,5.3536,-4.9438,0.0
GLOB_4,5.3168,-5.1087,0.0
GLOB_4,5.1273,-4.7806,0.0
GLOB_4,5.2275,-5.4926,0.0
GLOB_4,4.9171,-4.8945,0.0
GLOB_4,5.0218,-5.4691,0.0
GLOB_4,5.0398,-4.6847,0.0
GLOB_4,4.6837,-5.033,0.0
GLOB_4,4.9636,-5.3774,0.0
GLOB_4,4.7868,-4.5376,0.0
GLOB_4,4.8196,-4.8579,0.0
GLOB_4,5.1805,-4.6119,0.0
GLOB_4,4.6409,-5.3764,0.0
GLOB_4,4.6168,-5.2721,0.0
GLOB_4,5.0044,-5.1759,0.0
GLOB_4,4.8323,-5.1673,0.0
GLOB_4,4.7274,-4.6499,0.0
GLOB_4,5.01,-4.658,0.0
GLOB_4,4.5256,-4.9932,0.0
GLOB_4,5.118,-4.9287,0.0
GLOB_4,4.7752,-5.2078,0.0
GLOB_4,4.84,-4.8395,0.0
GLOB_4,5.2247,-4.8074,0.0
GLOB_4,5.1897,-5.4261,0.0
GLOB_4,5.4616,-5.1533,0.0
GLOB_4,4.6746,-5.4453,0.0
GLOB_4,5.4752,-5.1126,0.0
GLOB_4,4.5614,-4.8127,0.0
GLOB_4,4.6918,-4.7766,0.0
GLOB_4,4.5968,-5.3574,0.0
GLOB_4,5.4072,-4.8927,0.0
GLOB_4,5.0816,-5.1814,0.0
GLOB_4,4.5352,-4.7932,0.0
GLOB_4,4.6833,-5.359,0.0
GLOB_4,4.5331,-4.934,0.0
GLOB_4,5.0254,-5.4098,0.0
GLOB_4,4.7632,-5.1211,0.0
GLOB_4,5.4112,-4.6222,0.0
GLOB_4,5.4459,-4.8071,0.0
GLOB_4,4.7139,-4.7758,0.0
GLOB_4,5.1546,-5.2044,0.0
GLOB_4,4.8841,-5.1113,0.0
GLOB_4,4.8199,-4.6289,0.0
GLOB_4,4.5693,-4.7504,0.0
GLOB_4,4.8321,-5.2288,0.0
GLOB_4,4.6573,-5.2775,0.0
GLOB_4,4.9568,-5.1649,0.0
GLOB_4,4.6229,-5.4482,0.0
GLOB_4,5.3623,-5.3588,0.0
GLOB_4,5.2685,-5.0897,0.0
GLOB_4,4.7791,-5.1394,0.0
GLOB_4,5.0157,-5.0634,0.0
GLOB_4,5.3075,-5.2398,0.0
GLOB_4,4.6056,-5.4445,0.0
GLOB_4,4.7014,-5.3495,0.0
GLOB_4,5.274,-4.785,0.0
GLOB_4,4.6978,-4.9136,0.0
GLOB_4,5.0021,-4.9315,0.0
GLOB_4,5.1875,-4.6228,0.0
GLOB_4,5.234,-4.7816,0.0
GLOB_4,5.2908,-5.4892,0.0
GLOB_4,4.5793,-5.0653,0.0
GLOB_4,4.7004,-5.4093,0.0
GLOB_4,5.0754,-5.3879,0.0
GLOB_4,5.0828,-4.8908,0.0
GLOB_4,4.7628,-4.6695,0.0
GLOB_4,5.3477,-4.5875,0.0
GLOB_4,5.2517,-4.887,0.0
GLOB_4,4.8718,-4.7636,0.0
GLOB_4,4.787,-5.1661,0.0
GLOB_4,5.3856,-4.5413,0.0
GLOB_4,4.9472,-4.6945,0.0
GLOB_4,4.9065,-4.8580000000000005,0.0
GLOB_4,5.0546,-4.6029,0.0
GLOB_4,5.3332,-4.7926,0.0
GLOB_5,-0.2495,0.2672,1.0
GLOB_5,0.0433,-0.0938,1.0
GLOB_5,0.1586,0.3463,1.0
GLOB_5,0.08199999999999999,0.4034,1.0
GLOB_5,-0.192,-0.0444,1.0
GLOB_5,-0.0628,-0.3863,1.0
GLOB_5,0.1771,0.0817,1.0
GLOB_5,-0.2527,0.255,1.0
GLOB_5,-0.2114,-0.0706,1.0
GLOB_5,-0.2074,0.4122,1.0
GLOB_5,-0.1023,-0.4912,1.0
GLOB_5,0.154,0.259,1.0
GLOB_5,-0.4436,0.2028,1.0
GLOB_5,-0.3867,-0.0998,1.0
GLOB_5,0.1001,-0.2588,1.0
GLOB_5,0.424,-0.2437,1.0
GLOB_5,-0.0299,-0.1047,1.0
GLOB_5,0.1456,0.3803,1.0
GLOB_5,-0.3838,-0.0832,1.0
GLOB_5,-0.4656,-0.2422,1.0
GLOB_5,-0.3898,-0.3315,1.0
GLOB_5,0.0083,0.2281,1.0
GLOB_5,0.0164,0.1185,1.0
GLOB_5,-0.0057,-0.0996,1.0
GLOB_5,-0.0133,0.1279,1.0
GLOB_5,-0.1973,-0.369,1.0
GLOB_5,-0.091,0.0898,1.0
GLOB_5,0.265,-0.12300000000000001,1.0
GLOB_5,-0.4747,0.1612,1.0
GLOB_5,0.0904,-0.2765,1.0
GLOB_5,0.1438,0.3568,1.0
GLOB_5,0.2731,0.25,1.0
GLOB_5,0.365,0.2167,1.0
GLOB_5,-0.0606,-0.4814,1.0
GLOB_5,-0.4552,0.4166,1.0
GLOB_5,-0.0056,-0.0795,1.0
GLOB_5,-0.0216,0.2652,1.0
GLOB_5,0.2027,-0.3613,1.0
GLOB_5,-0.0193,-0.428,1.0
GLOB_5,0.0702,-0.2825,1.0
GLOB_5,-0.4034,-0.3531,1.0
GLOB_5,0.1066,-0.1222,1.0
GLOB_5,0.4918,0.3509,1.0
GLOB_5,0.1151,0.1977,1.0
GLOB_5,0.2202,-0.2997,1.0
GLOB_5,-0.1845,-0.0487,1.0
GLOB_5,-0.3003,-0.1654,1.0
GLOB_5,0.2494,0.1983,1.0
GLOB_5,-0.0997,0.0023,1.0
GLOB_5,-0.1003,-0.0151,1.0
GLOB_5,-0.0722,-0.0979,1.0
GLOB_5,-0.084,-0.0538,1.0
GLOB_5,0.2848,0.0131,1.0
GLOB_5,0.4255,0.1761,1.0
GLOB_5,-0.4609,-0.4639,1.0
GLOB_5,-0.3329,0.4497,1.0
GLOB_5,-0.2641,0.2,1.0
GLOB_5,0.071,-0.3906,1.0
GLOB_5,-0.2973,-0.1806,1.0
GLOB_5,-0.2166,0.2801,1.0
GLOB_5,0.4179,-0.4071,1.0
GLOB_5,-0.1779,0.0526,1.0
GLOB_5,-0.2615,0.2914,1.0
GLOB_5,0.3002,-0.0055,1.0
GLOB_5,0.064,0.4726,1.0
GLOB_5,-0.1439,0.4126,1.0
GLOB_5,0.2205,-0.1183,1.0
GLOB_5,-0.2802,-0.2701,1.0
GLOB_5,-0.2521,0.3664,1.0
GLOB_5,-0.1025,0.3187,1.0
GLOB_5,0.3881,-0.0712,1.0
GLOB_5,-0.3032,-0.3827,1.0
GLOB_5,0.22699999999999998,-0.0968,1.0
GLOB_5,0.3329,-0.4487,1.0
GLOB_5,-0.0588,-0.4542,1.0
GLOB_5,-0.2455,0.2421,1.0
GLOB_5,0.3032,0.3719,1.0
GLOB_5,-0.3303,-0.1119,1.0
GLOB_5,-0.1773,-0.0588,1.0
GLOB_5,-0.4149,-0.4749,1.0
GLOB_5,0.0919,0.2085,1.0
GLOB_5,0.3962,0.1893,1.0
GLOB_5,-0.4156,-0.1686,1.0
GLOB_5,-0.4422,-0.47,1.0
GLOB_5,-0.3876,0.0421,1.0
GLOB_5,0.0089,0.1399,1.0
GLOB_5,-0.1488,-0.3534,1.0
GLOB_5,-0.42100000000000004,0.1029,1.0
GLOB_5,0.3285,0.0277,1.0
GLOB_5,-0.4358,0.1257,1.0
GLOB_5,0.07400000000000001,0.3567,1.0
GLOB_5,-0.3134,-0.4995,1.0
GLOB_5,-0.0982,-0.2718,1.0
GLOB_5,-0.4736,0.4553,1.0
GLOB_5,0.4575,0.4507,1.0
GLOB_5,-0.0132,-0.307,1.0
GLOB_5,0.1468,-0.0633,1.0
GLOB_5,-0.2969,0.3964,1.0
GLOB_5,0.42200000000000004,0.2556,1.0
GLOB_5,-0.3386,-0.0352,1.0
GLOB_5,-0.2742,-0.1861,1.0
GLOB_5,0.3022,-0.3351,1.0
GLOB_5,-0.3534,-0.46299999999999997,1.0
GLOB_5,-0.4605,-0.1483,1.0
GLOB_5,0.0167,-0.1341,1.0
GLOB_5,0.3912,-0.4778,1.0
GLOB_5,-0.2752,0.2867,1.0
GLOB_5,0.0412,0.0457,1.0
GLOB_5,-0.4819,0.0921,1.0
GLOB_5,-0.1025,-0.4186,1.0
GLOB_5,-0.1022,-0.1246,1.0
GLOB_5,0.2068,0.0628,1.0
GLOB_5,0.0239,0.0131,1.0
GLOB_5,0.3923,0.1464,1.0
GLOB_5,-0.0821,0.4851,1.0
GLOB_5,0.1936,0.1223,1.0
GLOB_5,0.1109,-0.2746,1.0
GLOB_5,-0.3818,0.0698,1.0
GLOB_5,-0.43799999999999994,-0.4731,1.0
GLOB_5,0.4909,-0.1646,1.0
GLOB_5,0.0436,0.4598,1.0
GLOB_5,-0.0959,-0.1543,1.0
GLOB_5,-0.0076,-0.4734,1.0
GLOB_5,-0.3025,-0.2032,1.0
GLOB_5,-0.1649,-0.3609,1.0
GLOB_5,-0.036000000000000004,-0.1436,1.0
GLOB_5,-0.0545,-0.182,1.0
GLOB_5,0.3667,0.0306,1.0
GLOB_5,-0.3367,0.1819,1.0
GLOB_5,0.3268,0.0527,1.0
GLOB_5,-0.4679,-0.478,1.0
GLOB_5,0.4067,0.4452,1.0
GLOB_5,-0.4641,0.0199,1.0
GLOB_5,0.1689,0.4586,1.0
GLOB_5,-0.4691,-0.3989,1.0
GLOB_5,-0.4345,0.1341,1.0
GLOB_5,0.4827,-0.2115,1.0
GLOB_5,-0.3837,0.083,1.0
GLOB_5,0.0854,0.3825,1.0
GLOB_5,0.158,0.3393,1.0
GLOB_5,0.2109,0.3785,1.0
GLOB_5,0.2191,-0.0036,1.0
GLOB_5,-0.3671,0.0651,1.0
GLOB_5,0.4375,-0.149,1.0
GLOB_5,-0.1291,-0.273,1.0
GLOB_5,0.4597,0.1693,1.0
GLOB_5,-0.0636,-0.09699999999999999,1.0
GLOB_5,-0.1889,0.2853,1.0
GLOB_5,0.1432,-0.3634,1.0
GLOB_5,0.4505,-0.4657,1.0
GLOB_5,-0.3641,0.3181,1.0
GLOB_5,-0.4758,-0.1561,1.0
GLOB_5,-0.0779,-0.0768,1.0
GLOB_5,-0.0739,0.1032,1.0
GLOB_5,0.4951,0.2075,1.0
GLOB_5,-0.3097,0.1429,1.0
GLOB_5,-0.3929,0.0687,1.0
GLOB_5,0.1767,-0.1104,1.0
GLOB_5,-0.3453,0.1946,1.0
GLOB_5,-0.1809,0.3979,1.0
GLOB_5,0.2117,-0.4796,1.0
GLOB_5,-0.3964,-0.0234,1.0
GLOB_5,-0.3558,-0.0342,1.0
GLOB_5,-0.2576,-0.304,1.0
GLOB_5,-0.2979,-0.4254,1.0
GLOB_5,0.4537,0.2214,1.0
GLOB_5,-0.001,-0.1438,1.0
GLOB_5,-0.1401,-0.2372,1.0
GLOB_5,0.1324,-0.0084,1.0
GLOB_5,-0.3747,0.0819,1.0
GLOB_5,0.0379,-0.1245,1.0
GLOB_5,-0.1091,0.4626,1.0
GLOB_5,-0.345,-0.4238,1.0
GLOB_5,-0.381,0.4965,1.0
GLOB_5,-0.1771,0.1859,1.0
GLOB_5,0.20800000000000002,-0.2183,1.0
GLOB_5,0.11199999999999999,0.1124,1.0
GLOB_5,-0.2697,0.0835,1.0
GLOB_5,-0.2724,-0.3643,1.0
GLOB_5,-0.0777,-0.1313,1.0
GLOB_5,0.4807,-0.2758,1.0
GLOB_5,0.0592,-0.1062,1.0
GLOB_5,0.4984,0.4533,1.0
GLOB_5,0.3557,0.4051,1.0
GLOB_5,-0.1642,0.166,1.0
GLOB_5,0.4853,0.0417,1.0
GLOB_5,-0.1049,0.368,1.0
GLOB_5,0.2534,0.2978,1.0
GLOB_5,-0.3953,-0.1313,1.0
GLOB_5,-0.4148,0.4805,1.0
GLOB_5,-0.1865,-0.4855,1.0
GLOB_5,0.4791,-0.0193,1.0
GLOB_5,-0.4654,0.0665,1.0
GLOB_5,-0.21100000000000002,0.2079,1.0
GLOB_5,-0.0862,-0.4776,1.0
GLOB_5,-0.28800000000000003,0.0675,1.0
GLOB_5,0.0334,0.2193,1.0
GLOB_5,-0.221,0.4596,1.0
GLOB_5,0.0572,0.4274,1.0
GLOB_5,-0.2176,-0.2583,1.0
CENTROID,4.977317500000001,-5.0165254999999975,-1.0
CENTROID,-0.005634000000000566,3.340611000000003,-1.0
CENTROID,-4.992431000000001,-4.991549000000001,-1.0
